SKU,Descripcion,Categoria,Unidad_medida,Precio_base,Rotacion
SKU-0001,Huevo a granel (kg),Abarrotes,kg,10.0,alta
SKU-0002,Arroz Faraón (kg),Abarrotes,kg,4.4,alta
SKU-0003,Azúcar rubia (kg),Abarrotes,kg,3.8,alta
SKU-0004,Lentejas (kg),Abarrotes,kg,7.0,media
SKU-0005,Atún Florida Trozos 170g,Conservas,unit,5.0,media
SKU-0006,Atún Primor Trozos 170g,Conservas,unit,5.0,media
SKU-0007,Atún Gloria Trozos 170g,Conservas,unit,5.0,media
SKU-0008,Atún Florida Filete 170g,Conservas,unit,5.5,media
SKU-0009,Atún Pamela Filete Caballa 170g,Conservas,unit,3.3,alta
SKU-0010,Panetón D’Onofrio 900g,Panadería,unit,22.0,baja
SKU-0011,Panetón Todinno 900g,Panadería,unit,18.0,baja
SKU-0012,Vino Borgoña 750ml,Licores,unit,18.0,baja
SKU-0013,Cerveza Pilsen 620ml,Bebidas,unit,7.0,media
SKU-0014,Ron Cartavio 750ml,Licores,unit,29.0,baja
SKU-0015,Leche Gloria Evap 400ml,Lácteos,unit,4.0,media
SKU-0016,Frutos secos Field Casino 30g,Snacks,unit,3.2,baja
SKU-0017,Frutos secos Club Social 50g,Snacks,unit,5.3,media
SKU-0018,Chocolates Morochas 30g,Snacks,unit,1.9,alta
SKU-0019,Frutos secos Granuts 200g,Snacks,unit,1.3,baja
SKU-0020,Galletas Doña Pepa 150g,Snacks,unit,4.6,baja
SKU-0021,Galletas Oreo 30g,Snacks,unit,1.1,baja
SKU-0022,Chocolates Soda Field 200g,Snacks,unit,6.0,media
SKU-0023,Barra Oreo 200g,Snacks,unit,2.1,alta
SKU-0024,Chocolates Granuts 200g,Snacks,unit,2.8,media
SKU-0025,Chizitos Soda Field 150g,Snacks,unit,3.5,media
SKU-0026,Barra Club Social 30g,Snacks,unit,4.7,alta
SKU-0027,Chocolates Granuts 150g,Snacks,unit,2.8,media
SKU-0028,Papas Club Social 50g,Snacks,unit,3.8,baja
SKU-0029,Chocolates Lays 30g,Snacks,unit,2.2,media
SKU-0030,Galletas Pringles 30g,Snacks,unit,4.6,alta
SKU-0031,Papas Lays 200g,Snacks,unit,4.6,alta
SKU-0032,Papas Oreo 150g,Snacks,unit,1.4,baja
SKU-0033,Barra Field Casino 150g,Snacks,unit,6.8,baja
SKU-0034,Galletas Sublime 90g,Snacks,unit,2.8,alta
SKU-0035,Frutos secos Doña Pepa 90g,Snacks,unit,5.2,media
SKU-0036,Barra Soda Field 30g,Snacks,unit,1.7,media
SKU-0037,Galletas Princesa 50g,Snacks,unit,1.2,baja
SKU-0038,Papas Field Casino 50g,Snacks,unit,2.6,media
SKU-0039,Galletas Pringles 90g,Snacks,unit,2.9,media
SKU-0040,Chizitos Princesa 90g,Snacks,unit,4.3,alta
SKU-0041,Chocolates Lays 90g,Snacks,unit,6.8,baja
SKU-0042,Chocolates Princesa 90g,Snacks,unit,6.7,baja
SKU-0043,Frutos secos Princesa 30g,Snacks,unit,4.6,baja
SKU-0044,Barra Princesa 50g,Snacks,unit,1.5,alta
SKU-0045,Barra Granuts 50g,Snacks,unit,1.3,media
SKU-0046,Chocolates Chizitos 150g,Snacks,unit,3.3,media
SKU-0047,Papas Princesa 200g,Snacks,unit,6.0,media
SKU-0048,Chocolates Princesa 90g,Snacks,unit,2.6,media
SKU-0049,Galletas Soda Field 30g,Snacks,unit,1.8,baja
SKU-0050,Papas Pringles 90g,Snacks,unit,1.4,baja
SKU-0051,Galletas Soda Field 200g,Snacks,unit,5.6,alta
SKU-0052,Frutos secos Lays 50g,Snacks,unit,1.0,baja
SKU-0053,Frutos secos Chizitos 150g,Snacks,unit,5.2,baja
SKU-0054,Frutos secos Chizitos 50g,Snacks,unit,5.5,alta
SKU-0055,Papas Morochas 50g,Snacks,unit,3.2,alta
SKU-0056,Frutos secos Sublime 200g,Snacks,unit,6.2,media
SKU-0057,Papas Granuts 200g,Snacks,unit,3.0,alta
SKU-0058,Chizitos Doña Pepa 150g,Snacks,unit,2.9,media
SKU-0059,Papas Soda Field 50g,Snacks,unit,5.3,media
SKU-0060,Barra Chizitos 30g,Snacks,unit,6.3,media
SKU-0061,Galletas Field Casino 50g,Snacks,unit,1.7,baja
SKU-0062,Frutos secos Morochas 150g,Snacks,unit,5.5,media
SKU-0063,Barra Field Casino 150g,Snacks,unit,5.7,media
SKU-0064,Chizitos Doña Pepa 150g,Snacks,unit,4.1,media
SKU-0065,Barra Club Social 200g,Snacks,unit,1.2,alta
SKU-0066,Galletas Princesa 30g,Snacks,unit,1.2,media
SKU-0067,Frutos secos Sublime 90g,Snacks,unit,2.9,media
SKU-0068,Frutos secos Lays 30g,Snacks,unit,6.3,media
SKU-0069,Papas Pringles 50g,Snacks,unit,3.5,baja
SKU-0070,Chizitos Oreo 90g,Snacks,unit,2.4,alta
SKU-0071,Barra Morochas 200g,Snacks,unit,2.7,alta
SKU-0072,Galletas Princesa 90g,Snacks,unit,6.6,baja
SKU-0073,Frutos secos Sublime 200g,Snacks,unit,4.8,baja
SKU-0074,Chocolates Morochas 90g,Snacks,unit,5.8,alta
SKU-0075,Chocolates Sublime 200g,Snacks,unit,6.4,media
SKU-0076,Galletas Doña Pepa 90g,Snacks,unit,5.7,baja
SKU-0077,Chizitos Oreo 30g,Snacks,unit,2.8,alta
SKU-0078,Papas Club Social 50g,Snacks,unit,2.4,media
SKU-0079,Galletas Soda Field 200g,Snacks,unit,6.0,baja
SKU-0080,Galletas Field Casino 150g,Snacks,unit,1.0,media
SKU-0081,Galletas Sublime 50g,Snacks,unit,3.5,media
SKU-0082,Chocolates Princesa 150g,Snacks,unit,1.7,media
SKU-0083,Barra Morochas 90g,Snacks,unit,6.8,media
SKU-0084,Barra Doña Pepa 150g,Snacks,unit,4.1,baja
SKU-0085,Chocolates Sublime 50g,Snacks,unit,3.2,baja
SKU-0086,Frutos secos Club Social 150g,Snacks,unit,6.8,media
SKU-0087,Frutos secos Princesa 90g,Snacks,unit,4.1,media
SKU-0088,Chizitos Sublime 150g,Snacks,unit,2.7,alta
SKU-0089,Galletas Soda Field 50g,Snacks,unit,4.7,media
SKU-0090,Galletas Lays 30g,Snacks,unit,1.3,media
SKU-0091,Barra Sublime 50g,Snacks,unit,6.3,media
SKU-0092,Barra Soda Field 30g,Snacks,unit,1.9,media
SKU-0093,Galletas Granuts 30g,Snacks,unit,7.0,media
SKU-0094,Chocolates Field Casino 30g,Snacks,unit,5.0,baja
SKU-0095,Papas Field Casino 200g,Snacks,unit,2.4,baja
SKU-0096,Chocolates Club Social 150g,Snacks,unit,3.2,media
SKU-0097,Chocolates Sublime 50g,Snacks,unit,4.7,media
SKU-0098,Frutos secos Doña Pepa 200g,Snacks,unit,1.5,baja
SKU-0099,Chizitos Soda Field 150g,Snacks,unit,2.9,alta
SKU-0100,Chizitos Soda Field 30g,Snacks,unit,1.2,media
SKU-0101,Galletas Princesa 150g,Snacks,unit,5.3,alta
SKU-0102,Papas Pringles 150g,Snacks,unit,4.1,media
SKU-0103,Chizitos Granuts 30g,Snacks,unit,4.9,alta
SKU-0104,Frutos secos Princesa 30g,Snacks,unit,5.1,media
SKU-0105,Galletas Pringles 90g,Snacks,unit,6.7,alta
SKU-0106,Galletas Soda Field 50g,Snacks,unit,3.0,alta
SKU-0107,Chocolates Sublime 150g,Snacks,unit,6.4,baja
SKU-0108,Chocolates Pringles 50g,Snacks,unit,2.5,media
SKU-0109,Papas Chizitos 50g,Snacks,unit,5.9,media
SKU-0110,Galletas Chizitos 200g,Snacks,unit,4.3,media
SKU-0111,Galletas Oreo 200g,Snacks,unit,1.6,baja
SKU-0112,Galletas Field Casino 50g,Snacks,unit,6.4,media
SKU-0113,Chocolates Pringles 150g,Snacks,unit,3.0,media
SKU-0114,Chizitos Soda Field 150g,Snacks,unit,5.4,baja
SKU-0115,Galletas Morochas 150g,Snacks,unit,6.4,baja
SKU-0116,Galletas Pringles 90g,Snacks,unit,4.9,alta
SKU-0117,Chizitos Club Social 150g,Snacks,unit,2.0,baja
SKU-0118,Frutos secos Granuts 200g,Snacks,unit,4.6,alta
SKU-0119,Frutos secos Granuts 150g,Snacks,unit,1.6,media
SKU-0120,Chocolates Soda Field 90g,Snacks,unit,1.0,alta
SKU-0121,Chocolates Oreo 200g,Snacks,unit,4.3,media
SKU-0122,Frutos secos Sublime 30g,Snacks,unit,4.9,media
SKU-0123,Frutos secos Lays 30g,Snacks,unit,5.3,media
SKU-0124,Galletas Doña Pepa 150g,Snacks,unit,3.1,baja
SKU-0125,Barra Sublime 50g,Snacks,unit,4.8,baja
SKU-0126,Galletas Sublime 30g,Snacks,unit,4.9,media
SKU-0127,Chocolates Field Casino 200g,Snacks,unit,1.6,media
SKU-0128,Galletas Princesa 50g,Snacks,unit,2.6,media
SKU-0129,Chizitos Field Casino 200g,Snacks,unit,6.8,media
SKU-0130,Chocolates Doña Pepa 200g,Snacks,unit,6.3,media
SKU-0131,Galletas Doña Pepa 30g,Snacks,unit,5.8,media
SKU-0132,Chizitos Princesa 200g,Snacks,unit,4.5,media
SKU-0133,Barra Sublime 90g,Snacks,unit,2.2,baja
SKU-0134,Papas Soda Field 90g,Snacks,unit,2.7,alta
SKU-0135,Chocolates Club Social 150g,Snacks,unit,5.0,alta
SKU-0136,Chocolates Princesa 90g,Snacks,unit,6.6,baja
SKU-0137,Chizitos Lays 30g,Snacks,unit,6.5,media
SKU-0138,Galletas Chizitos 200g,Snacks,unit,1.1,baja
SKU-0139,Barra Field Casino 30g,Snacks,unit,3.6,baja
SKU-0140,Barra Soda Field 200g,Snacks,unit,6.8,baja
SKU-0141,Papas Morochas 90g,Snacks,unit,2.8,media
SKU-0142,Galletas Soda Field 90g,Snacks,unit,6.1,media
SKU-0143,Papas Morochas 150g,Snacks,unit,2.0,media
SKU-0144,Barra Granuts 90g,Snacks,unit,6.5,media
SKU-0145,Barra Princesa 200g,Snacks,unit,4.5,alta
SKU-0146,Galletas Princesa 200g,Snacks,unit,4.8,baja
SKU-0147,Papas Princesa 30g,Snacks,unit,1.8,media
SKU-0148,Chocolates Club Social 30g,Snacks,unit,6.2,baja
SKU-0149,Galletas Granuts 200g,Snacks,unit,5.2,baja
SKU-0150,Chocolates Club Social 90g,Snacks,unit,3.2,media
SKU-0151,Barra Soda Field 90g,Snacks,unit,5.9,baja
SKU-0152,Chocolates Princesa 90g,Snacks,unit,6.1,baja
SKU-0153,Barra Chizitos 90g,Snacks,unit,4.1,media
SKU-0154,Galletas Field Casino 150g,Snacks,unit,5.8,media
SKU-0155,Papas Oreo 30g,Snacks,unit,5.2,baja
SKU-0156,Papas Morochas 90g,Snacks,unit,6.3,media
SKU-0157,Chocolates Granuts 150g,Snacks,unit,3.3,alta
SKU-0158,Barra Granuts 150g,Snacks,unit,4.5,alta
SKU-0159,Barra Oreo 30g,Snacks,unit,3.8,media
SKU-0160,Galletas Granuts 50g,Snacks,unit,2.7,media
SKU-0161,Barra Oreo 90g,Snacks,unit,1.2,alta
SKU-0162,Barra Sublime 50g,Snacks,unit,6.0,media
SKU-0163,Chizitos Morochas 30g,Snacks,unit,1.8,media
SKU-0164,Papas Lays 30g,Snacks,unit,5.7,media
SKU-0165,Papas Soda Field 50g,Snacks,unit,4.7,alta
SKU-0166,Frutos secos Field Casino 90g,Snacks,unit,1.3,media
SKU-0167,Barra Pringles 200g,Snacks,unit,4.2,media
SKU-0168,Frutos secos Morochas 50g,Snacks,unit,5.4,baja
SKU-0169,Chocolates Morochas 150g,Snacks,unit,4.1,media
SKU-0170,Galletas Morochas 90g,Snacks,unit,5.7,media
SKU-0171,Chizitos Princesa 50g,Snacks,unit,3.6,alta
SKU-0172,Papas Morochas 30g,Snacks,unit,1.2,baja
SKU-0173,Chizitos Oreo 150g,Snacks,unit,6.0,media
SKU-0174,Chocolates Soda Field 150g,Snacks,unit,3.5,alta
SKU-0175,Papas Club Social 50g,Snacks,unit,1.9,media
SKU-0176,Chocolates Oreo 50g,Snacks,unit,4.3,baja
SKU-0177,Chizitos Lays 90g,Snacks,unit,5.0,media
SKU-0178,Galletas Club Social 90g,Snacks,unit,6.8,baja
SKU-0179,Frutos secos Sublime 150g,Snacks,unit,4.2,media
SKU-0180,Frutos secos Sublime 90g,Snacks,unit,3.5,media
SKU-0181,Galletas Field Casino 90g,Snacks,unit,3.2,baja
SKU-0182,Chocolates Doña Pepa 90g,Snacks,unit,1.1,alta
SKU-0183,Galletas Field Casino 200g,Snacks,unit,1.3,alta
SKU-0184,Chizitos Lays 90g,Snacks,unit,6.1,baja
SKU-0185,Chizitos Doña Pepa 200g,Snacks,unit,3.8,alta
SKU-0186,Galletas Pringles 200g,Snacks,unit,3.9,media
SKU-0187,Chocolates Club Social 30g,Snacks,unit,2.0,media
SKU-0188,Frutos secos Pringles 30g,Snacks,unit,3.4,media
SKU-0189,Barra Sublime 50g,Snacks,unit,4.9,alta
SKU-0190,Papas Pringles 30g,Snacks,unit,3.2,media
SKU-0191,Frutos secos Lays 200g,Snacks,unit,4.0,baja
SKU-0192,Papas Princesa 30g,Snacks,unit,5.0,alta
SKU-0193,Frutos secos Club Social 200g,Snacks,unit,1.4,media
SKU-0194,Papas Princesa 150g,Snacks,unit,1.2,media
SKU-0195,Papas Pringles 90g,Snacks,unit,6.5,media
SKU-0196,Barra Morochas 50g,Snacks,unit,3.3,media
SKU-0197,Chizitos Princesa 150g,Snacks,unit,3.7,media
SKU-0198,Frutos secos Granuts 50g,Snacks,unit,6.5,media
SKU-0199,Barra Doña Pepa 90g,Snacks,unit,6.9,baja
SKU-0200,Chizitos Sublime 30g,Snacks,unit,2.2,alta
SKU-0201,Papas Club Social 50g,Snacks,unit,1.6,alta
SKU-0202,Chizitos Doña Pepa 200g,Snacks,unit,1.6,media
SKU-0203,Frutos secos Lays 150g,Snacks,unit,1.4,media
SKU-0204,Chizitos Chizitos 50g,Snacks,unit,6.1,alta
SKU-0205,Barra Chizitos 50g,Snacks,unit,5.9,media
SKU-0206,Frutos secos Field Casino 90g,Snacks,unit,1.7,media
SKU-0207,Barra Princesa 200g,Snacks,unit,4.8,baja
SKU-0208,Papas Field Casino 50g,Snacks,unit,5.4,baja
SKU-0209,Frutos secos Club Social 50g,Snacks,unit,2.7,alta
SKU-0210,Chocolates Morochas 30g,Snacks,unit,5.4,baja
SKU-0211,Galletas Soda Field 150g,Snacks,unit,7.0,media
SKU-0212,Barra Field Casino 150g,Snacks,unit,3.2,baja
SKU-0213,Chizitos Princesa 200g,Snacks,unit,3.0,baja
SKU-0214,Chocolates Granuts 150g,Snacks,unit,6.2,media
SKU-0215,Chizitos Pringles 50g,Snacks,unit,5.6,baja
SKU-0216,Yogurt Vigor 250g,Lácteos,unit,5.3,baja
SKU-0217,Leche Andina 1.8L,Lácteos,unit,14.1,baja
SKU-0218,Yogurt Laive 200g,Lácteos,unit,10.0,baja
SKU-0219,Queso Gloria 200g,Lácteos,unit,11.6,alta
SKU-0220,Yogurt Andina 250g,Lácteos,unit,23.1,alta
SKU-0221,Queso Laive 1.8L,Lácteos,unit,9.8,baja
SKU-0222,Crema Ideal 200g,Lácteos,unit,23.6,media
SKU-0223,Mantequilla Andina 1.8L,Lácteos,unit,16.7,media
SKU-0224,Crema Andina 200g,Lácteos,unit,9.6,media
SKU-0225,Queso Andina 200g,Lácteos,unit,18.1,baja
SKU-0226,Queso Laive 1.8L,Lácteos,unit,20.4,baja
SKU-0227,Queso Bonlé 500g,Lácteos,unit,5.0,media
SKU-0228,Mantequilla Andina 200g,Lácteos,unit,4.3,media
SKU-0229,Queso Vigor 500g,Lácteos,unit,12.8,baja
SKU-0230,Mantequilla Pura Vida 250g,Lácteos,unit,10.6,alta
SKU-0231,Mantequilla Laive 1L,Lácteos,unit,6.1,baja
SKU-0232,Mantequilla Bonlé 200g,Lácteos,unit,16.8,alta
SKU-0233,Leche Laive 500g,Lácteos,unit,4.9,baja
SKU-0234,Yogurt Pura Vida 500g,Lácteos,unit,4.6,baja
SKU-0235,Yogurt Gloria 1.8L,Lácteos,unit,18.7,alta
SKU-0236,Queso Bonlé 200g,Lácteos,unit,4.8,baja
SKU-0237,Queso Pura Vida 250g,Lácteos,unit,11.3,media
SKU-0238,Yogurt Andina 1.8L,Lácteos,unit,20.8,baja
SKU-0239,Queso Andina 200g,Lácteos,unit,24.2,baja
SKU-0240,Leche Andina 200g,Lácteos,unit,11.4,alta
SKU-0241,Queso Pura Vida 250g,Lácteos,unit,20.4,media
SKU-0242,Mantequilla Bonlé 1.8L,Lácteos,unit,12.3,baja
SKU-0243,Queso Ideal 200g,Lácteos,unit,5.5,media
SKU-0244,Crema Laive 1.8L,Lácteos,unit,3.3,media
SKU-0245,Yogurt Bonlé 1.8L,Lácteos,unit,4.3,alta
SKU-0246,Queso Gloria 1.8L,Lácteos,unit,5.7,media
SKU-0247,Mantequilla Vigor 1.8L,Lácteos,unit,19.5,media
SKU-0248,Yogurt Andina 1.8L,Lácteos,unit,24.2,media
SKU-0249,Yogurt Ideal 200g,Lácteos,unit,9.2,baja
SKU-0250,Leche Pura Vida 200g,Lácteos,unit,7.9,baja
SKU-0251,Crema Vigor 250g,Lácteos,unit,3.3,baja
SKU-0252,Leche Vigor 1.8L,Lácteos,unit,4.0,baja
SKU-0253,Yogurt Andina 1.8L,Lácteos,unit,14.6,baja
SKU-0254,Yogurt Gloria 1L,Lácteos,unit,4.6,media
SKU-0255,Queso Bonlé 500g,Lácteos,unit,24.4,media
SKU-0256,Queso Bonlé 1L,Lácteos,unit,16.8,media
SKU-0257,Queso Bonlé 1.8L,Lácteos,unit,13.2,media
SKU-0258,Mantequilla Andina 250g,Lácteos,unit,15.8,baja
SKU-0259,Queso Gloria 200g,Lácteos,unit,4.0,media
SKU-0260,Leche Bonlé 500g,Lácteos,unit,23.7,baja
SKU-0261,Leche Andina 250g,Lácteos,unit,12.8,media
SKU-0262,Leche Laive 500g,Lácteos,unit,9.0,alta
SKU-0263,Leche Ideal 500g,Lácteos,unit,13.2,media
SKU-0264,Yogurt Laive 1.8L,Lácteos,unit,15.7,alta
SKU-0265,Leche Ideal 500g,Lácteos,unit,24.2,baja
SKU-0266,Queso Vigor 1L,Lácteos,unit,18.1,media
SKU-0267,Mantequilla Laive 200g,Lácteos,unit,9.8,baja
SKU-0268,Crema Vigor 250g,Lácteos,unit,17.8,alta
SKU-0269,Yogurt Bonlé 250g,Lácteos,unit,23.2,baja
SKU-0270,Crema Gloria 1L,Lácteos,unit,23.9,baja
SKU-0271,Crema Vigor 1.8L,Lácteos,unit,16.3,media
SKU-0272,Queso Vigor 500g,Lácteos,unit,23.4,baja
SKU-0273,Leche Ideal 500g,Lácteos,unit,4.0,alta
SKU-0274,Leche Vigor 1L,Lácteos,unit,11.3,baja
SKU-0275,Crema Andina 250g,Lácteos,unit,25.0,alta
SKU-0276,Crema Andina 250g,Lácteos,unit,15.8,media
SKU-0277,Mantequilla Ideal 1.8L,Lácteos,unit,24.3,baja
SKU-0278,Mantequilla Gloria 200g,Lácteos,unit,21.4,media
SKU-0279,Mantequilla Gloria 1.8L,Lácteos,unit,12.2,media
SKU-0280,Queso Gloria 1.8L,Lácteos,unit,4.2,baja
SKU-0281,Mantequilla Vigor 1.8L,Lácteos,unit,20.7,baja
SKU-0282,Yogurt Pura Vida 500g,Lácteos,unit,24.8,media
SKU-0283,Crema Vigor 1L,Lácteos,unit,19.7,baja
SKU-0284,Crema Andina 200g,Lácteos,unit,21.9,media
SKU-0285,Queso Pura Vida 1.8L,Lácteos,unit,12.9,alta
SKU-0286,Crema Bonlé 1L,Lácteos,unit,24.5,media
SKU-0287,Yogurt Andina 250g,Lácteos,unit,8.0,media
SKU-0288,Mantequilla Pura Vida 500g,Lácteos,unit,16.5,media
SKU-0289,Queso Ideal 200g,Lácteos,unit,5.4,media
SKU-0290,Queso Bonlé 250g,Lácteos,unit,14.1,baja
SKU-0291,Queso Andina 1L,Lácteos,unit,14.2,baja
SKU-0292,Yogurt Pura Vida 500g,Lácteos,unit,15.1,media
SKU-0293,Mantequilla Andina 1L,Lácteos,unit,22.4,media
SKU-0294,Mantequilla Bonlé 200g,Lácteos,unit,5.8,alta
SKU-0295,Mantequilla Ideal 250g,Lácteos,unit,19.8,media
SKU-0296,Crema Laive 250g,Lácteos,unit,18.4,media
SKU-0297,Yogurt Vigor 1.8L,Lácteos,unit,6.0,alta
SKU-0298,Queso Ideal 500g,Lácteos,unit,10.9,media
SKU-0299,Queso Vigor 1.8L,Lácteos,unit,11.7,media
SKU-0300,Queso Andina 250g,Lácteos,unit,22.8,media
SKU-0301,Leche Bonlé 500g,Lácteos,unit,14.2,baja
SKU-0302,Queso Vigor 500g,Lácteos,unit,11.4,media
SKU-0303,Mantequilla Vigor 200g,Lácteos,unit,21.8,baja
SKU-0304,Mantequilla Pura Vida 200g,Lácteos,unit,6.2,baja
SKU-0305,Crema Bonlé 1.8L,Lácteos,unit,13.7,media
SKU-0306,Crema Bonlé 1L,Lácteos,unit,13.1,baja
SKU-0307,Queso Bonlé 1L,Lácteos,unit,13.8,media
SKU-0308,Mantequilla Laive 250g,Lácteos,unit,16.9,media
SKU-0309,Yogurt Bonlé 250g,Lácteos,unit,4.7,alta
SKU-0310,Crema Andina 500g,Lácteos,unit,5.8,alta
SKU-0311,Yogurt Laive 1.8L,Lácteos,unit,6.1,media
SKU-0312,Mantequilla Vigor 200g,Lácteos,unit,6.9,media
SKU-0313,Crema Ideal 1L,Lácteos,unit,23.0,media
SKU-0314,Leche Andina 500g,Lácteos,unit,17.7,alta
SKU-0315,Mantequilla Laive 1L,Lácteos,unit,7.2,alta
SKU-0316,Yogurt Bonlé 250g,Lácteos,unit,6.7,media
SKU-0317,Crema Laive 1L,Lácteos,unit,6.9,alta
SKU-0318,Leche Gloria 200g,Lácteos,unit,5.8,media
SKU-0319,Mantequilla Vigor 500g,Lácteos,unit,7.5,media
SKU-0320,Queso Gloria 250g,Lácteos,unit,14.0,media
SKU-0321,Crema Bonlé 1.8L,Lácteos,unit,3.9,baja
SKU-0322,Queso Pura Vida 1L,Lácteos,unit,16.6,alta
SKU-0323,Yogurt Gloria 1L,Lácteos,unit,22.2,baja
SKU-0324,Queso Gloria 250g,Lácteos,unit,4.3,media
SKU-0325,Queso Pura Vida 250g,Lácteos,unit,20.7,baja
SKU-0326,Crema Vigor 250g,Lácteos,unit,7.1,media
SKU-0327,Yogurt Laive 200g,Lácteos,unit,11.0,media
SKU-0328,Mantequilla Gloria 500g,Lácteos,unit,16.5,media
SKU-0329,Leche Ideal 1.8L,Lácteos,unit,13.2,baja
SKU-0330,Crema Ideal 200g,Lácteos,unit,3.8,media
SKU-0331,Yogurt Andina 200g,Lácteos,unit,18.5,baja
SKU-0332,Queso Pura Vida 1.8L,Lácteos,unit,14.5,media
SKU-0333,Mantequilla Andina 200g,Lácteos,unit,5.4,media
SKU-0334,Queso Bonlé 200g,Lácteos,unit,14.8,media
SKU-0335,Crema Gloria 200g,Lácteos,unit,8.9,media
SKU-0336,Leche Andina 500g,Lácteos,unit,3.4,media
SKU-0337,Yogurt Bonlé 250g,Lácteos,unit,7.8,media
SKU-0338,Yogurt Laive 500g,Lácteos,unit,5.5,baja
SKU-0339,Crema Gloria 500g,Lácteos,unit,16.2,media
SKU-0340,Leche Pura Vida 1.8L,Lácteos,unit,20.6,media
SKU-0341,Crema Pura Vida 1L,Lácteos,unit,4.9,media
SKU-0342,Leche Laive 1L,Lácteos,unit,16.1,baja
SKU-0343,Mantequilla Vigor 1.8L,Lácteos,unit,12.5,alta
SKU-0344,Leche Vigor 500g,Lácteos,unit,9.2,media
SKU-0345,Mantequilla Andina 200g,Lácteos,unit,17.2,media
SKU-0346,Yogurt Pura Vida 250g,Lácteos,unit,10.8,baja
SKU-0347,Crema Laive 500g,Lácteos,unit,16.4,media
SKU-0348,Mantequilla Andina 500g,Lácteos,unit,5.2,alta
SKU-0349,Leche Gloria 500g,Lácteos,unit,8.3,alta
SKU-0350,Mantequilla Ideal 200g,Lácteos,unit,7.2,media
SKU-0351,Mantequilla Pura Vida 250g,Lácteos,unit,6.7,baja
SKU-0352,Queso Vigor 1L,Lácteos,unit,4.8,media
SKU-0353,Queso Bonlé 200g,Lácteos,unit,12.1,baja
SKU-0354,Crema Pura Vida 1.8L,Lácteos,unit,5.4,media
SKU-0355,Leche Ideal 250g,Lácteos,unit,24.2,baja
SKU-0356,Queso Vigor 1L,Lácteos,unit,20.8,media
SKU-0357,Crema Bonlé 250g,Lácteos,unit,6.8,media
SKU-0358,Leche Laive 200g,Lácteos,unit,23.3,media
SKU-0359,Crema Gloria 1L,Lácteos,unit,15.7,media
SKU-0360,Crema Gloria 500g,Lácteos,unit,20.2,alta
SKU-0361,Queso Ideal 1.8L,Lácteos,unit,10.2,media
SKU-0362,Mantequilla Laive 200g,Lácteos,unit,14.1,media
SKU-0363,Queso Vigor 1.8L,Lácteos,unit,5.5,media
SKU-0364,Leche Pura Vida 1L,Lácteos,unit,9.1,media
SKU-0365,Queso Bonlé 1L,Lácteos,unit,6.3,media
SKU-0366,Leche Andina 500g,Lácteos,unit,14.8,alta
SKU-0367,Mantequilla Pura Vida 1.8L,Lácteos,unit,10.6,alta
SKU-0368,Mantequilla Vigor 1.8L,Lácteos,unit,4.3,baja
SKU-0369,Crema Gloria 1.8L,Lácteos,unit,10.0,baja
SKU-0370,Leche Bonlé 1L,Lácteos,unit,8.6,media
SKU-0371,Mantequilla Gloria 1.8L,Lácteos,unit,19.8,media
SKU-0372,Crema Andina 250g,Lácteos,unit,13.3,media
SKU-0373,Crema Pura Vida 1.8L,Lácteos,unit,10.7,baja
SKU-0374,Leche Laive 200g,Lácteos,unit,21.2,baja
SKU-0375,Avena Altomayo 1kg,Abarrotes,unit,3.2,baja
SKU-0376,Salsa Tomate Blanca Flor 200g,Abarrotes,unit,11.5,alta
SKU-0377,Café Costeño unidad,Abarrotes,unit,2.7,baja
SKU-0378,Harina Costeño 1kg,Abarrotes,unit,7.7,baja
SKU-0379,Salsa Tomate Don Vittorio 200g,Abarrotes,unit,3.4,baja
SKU-0380,Café Inca Sur 400g,Abarrotes,unit,4.0,alta
SKU-0381,Sal Altomayo 200g,Abarrotes,unit,3.6,baja
SKU-0382,Sémola Don Vittorio 400g,Abarrotes,unit,8.7,media
SKU-0383,Aceite Nicolini 200g,Abarrotes,unit,5.7,baja
SKU-0384,Harina Nicolini 500g,Abarrotes,unit,5.9,baja
SKU-0385,Sal Nicolini 1kg,Abarrotes,unit,6.4,media
SKU-0386,Salsa Tomate Primor 1kg,Abarrotes,unit,6.6,media
SKU-0387,Harina Nicolini 400g,Abarrotes,unit,9.5,media
SKU-0388,Harina Blanca Flor 200g,Abarrotes,unit,4.4,baja
SKU-0389,Sal Blanca Flor 1kg,Abarrotes,unit,5.8,media
SKU-0390,Avena Blanca Flor unidad,Abarrotes,unit,11.1,media
SKU-0391,Sal Blanca Flor 200g,Abarrotes,unit,3.2,baja
SKU-0392,Sal Inca Sur 500g,Abarrotes,unit,8.2,media
SKU-0393,Salsa Tomate Blanca Flor 400g,Abarrotes,unit,3.4,baja
SKU-0394,Salsa Tomate Altomayo 1kg,Abarrotes,unit,8.1,media
SKU-0395,Avena Costeño unidad,Abarrotes,unit,10.9,baja
SKU-0396,Sémola Nicolini 500g,Abarrotes,unit,3.6,media
SKU-0397,Café Inca Sur 400g,Abarrotes,unit,4.6,baja
SKU-0398,Sémola Primor 1kg,Abarrotes,unit,2.3,media
SKU-0399,Fideos Costeño 1kg,Abarrotes,unit,9.6,baja
SKU-0400,Sémola Nicolini 400g,Abarrotes,unit,5.3,baja
SKU-0401,Salsa Tomate Don Vittorio 400g,Abarrotes,unit,3.1,baja
SKU-0402,Avena Blanca Flor 200g,Abarrotes,unit,3.3,media
SKU-0403,Salsa Tomate Don Vittorio unidad,Abarrotes,unit,9.9,alta
SKU-0404,Salsa Tomate Don Vittorio 400g,Abarrotes,unit,4.3,baja
SKU-0405,Sémola Blanca Flor 400g,Abarrotes,unit,9.2,media
SKU-0406,Aceite Nicolini 500g,Abarrotes,unit,8.7,media
SKU-0407,Avena Altomayo 1kg,Abarrotes,unit,4.5,media
SKU-0408,Aceite Blanca Flor 500g,Abarrotes,unit,3.8,baja
SKU-0409,Sémola Costeño 1kg,Abarrotes,unit,7.8,media
SKU-0410,Fideos Altomayo 200g,Abarrotes,unit,6.7,baja
SKU-0411,Café Inca Sur 500g,Abarrotes,unit,3.5,media
SKU-0412,Café Inca Sur 200g,Abarrotes,unit,6.9,media
SKU-0413,Sémola Don Vittorio 200g,Abarrotes,unit,2.2,baja
SKU-0414,Salsa Tomate Primor 500g,Abarrotes,unit,11.4,media
SKU-0415,Fideos Don Vittorio 500g,Abarrotes,unit,9.2,baja
SKU-0416,Fideos Costeño 500g,Abarrotes,unit,9.0,alta
SKU-0417,Avena Nicolini 400g,Abarrotes,unit,7.8,media
SKU-0418,Café Altomayo 1kg,Abarrotes,unit,6.2,baja
SKU-0419,Harina Primor 400g,Abarrotes,unit,11.3,baja
SKU-0420,Aceite Altomayo 1kg,Abarrotes,unit,6.7,alta
SKU-0421,Café Nicolini unidad,Abarrotes,unit,11.6,baja
SKU-0422,Harina Primor 1kg,Abarrotes,unit,3.2,baja
SKU-0423,Sal Nicolini 500g,Abarrotes,unit,10.8,media
SKU-0424,Fideos Blanca Flor 1kg,Abarrotes,unit,8.0,media
SKU-0425,Sal Inca Sur unidad,Abarrotes,unit,2.5,media
SKU-0426,Harina Don Vittorio 1kg,Abarrotes,unit,10.0,alta
SKU-0427,Avena Altomayo 500g,Abarrotes,unit,5.3,media
SKU-0428,Sémola Inca Sur 500g,Abarrotes,unit,7.4,baja
SKU-0429,Salsa Tomate Blanca Flor 500g,Abarrotes,unit,5.5,media
SKU-0430,Café Nicolini 1kg,Abarrotes,unit,9.5,media
SKU-0431,Aceite Primor 1kg,Abarrotes,unit,4.2,media
SKU-0432,Avena Altomayo 500g,Abarrotes,unit,3.4,alta
SKU-0433,Sal Don Vittorio 1kg,Abarrotes,unit,7.0,media
SKU-0434,Sal Don Vittorio unidad,Abarrotes,unit,11.2,media
SKU-0435,Fideos Altomayo 1kg,Abarrotes,unit,7.8,media
SKU-0436,Sal Blanca Flor 400g,Abarrotes,unit,2.1,media
SKU-0437,Avena Primor 400g,Abarrotes,unit,3.8,baja
SKU-0438,Sal Inca Sur 400g,Abarrotes,unit,3.5,media
SKU-0439,Aceite Inca Sur 200g,Abarrotes,unit,2.9,baja
SKU-0440,Sal Blanca Flor 1kg,Abarrotes,unit,7.0,media
SKU-0441,Fideos Altomayo 500g,Abarrotes,unit,2.7,baja
SKU-0442,Harina Don Vittorio 500g,Abarrotes,unit,4.0,baja
SKU-0443,Avena Inca Sur 1kg,Abarrotes,unit,4.2,alta
SKU-0444,Harina Primor 400g,Abarrotes,unit,2.4,media
SKU-0445,Avena Altomayo unidad,Abarrotes,unit,7.6,alta
SKU-0446,Sal Blanca Flor 400g,Abarrotes,unit,9.8,media
SKU-0447,Sal Blanca Flor 1kg,Abarrotes,unit,7.2,media
SKU-0448,Sal Inca Sur 500g,Abarrotes,unit,6.0,media
SKU-0449,Aceite Nicolini 200g,Abarrotes,unit,3.6,alta
SKU-0450,Harina Blanca Flor 400g,Abarrotes,unit,10.7,baja
SKU-0451,Sémola Blanca Flor unidad,Abarrotes,unit,5.7,media
SKU-0452,Avena Don Vittorio 1kg,Abarrotes,unit,8.4,media
SKU-0453,Fideos Costeño unidad,Abarrotes,unit,2.3,alta
SKU-0454,Aceite Nicolini 500g,Abarrotes,unit,9.2,media
SKU-0455,Sal Altomayo 1kg,Abarrotes,unit,2.3,media
SKU-0456,Avena Don Vittorio 400g,Abarrotes,unit,4.3,media
SKU-0457,Salsa Tomate Don Vittorio unidad,Abarrotes,unit,2.1,alta
SKU-0458,Avena Altomayo 400g,Abarrotes,unit,10.1,alta
SKU-0459,Aceite Inca Sur 1kg,Abarrotes,unit,8.5,media
SKU-0460,Sal Inca Sur 1kg,Abarrotes,unit,3.0,media
SKU-0461,Aceite Primor 200g,Abarrotes,unit,9.2,baja
SKU-0462,Fideos Costeño 1kg,Abarrotes,unit,10.4,media
SKU-0463,Aceite Don Vittorio 400g,Abarrotes,unit,8.8,media
SKU-0464,Harina Nicolini 1kg,Abarrotes,unit,4.9,baja
SKU-0465,Avena Inca Sur unidad,Abarrotes,unit,2.1,alta
SKU-0466,Sémola Altomayo 400g,Abarrotes,unit,4.1,alta
SKU-0467,Sémola Inca Sur 200g,Abarrotes,unit,3.7,media
SKU-0468,Salsa Tomate Altomayo 1kg,Abarrotes,unit,6.2,baja
SKU-0469,Sal Don Vittorio 500g,Abarrotes,unit,10.3,media
SKU-0470,Café Nicolini 1kg,Abarrotes,unit,4.6,media
SKU-0471,Café Blanca Flor 500g,Abarrotes,unit,7.9,media
SKU-0472,Aceite Inca Sur 500g,Abarrotes,unit,8.3,media
SKU-0473,Avena Don Vittorio 1kg,Abarrotes,unit,7.5,media
SKU-0474,Sal Primor 200g,Abarrotes,unit,4.9,baja
SKU-0475,Salsa Tomate Don Vittorio 400g,Abarrotes,unit,9.6,alta
SKU-0476,Fideos Don Vittorio 500g,Abarrotes,unit,10.8,media
SKU-0477,Café Primor unidad,Abarrotes,unit,11.0,baja
SKU-0478,Café Don Vittorio unidad,Abarrotes,unit,6.4,alta
SKU-0479,Café Altomayo 400g,Abarrotes,unit,4.7,media
SKU-0480,Café Costeño 400g,Abarrotes,unit,8.3,media
SKU-0481,Fideos Costeño 400g,Abarrotes,unit,3.4,baja
SKU-0482,Harina Altomayo 500g,Abarrotes,unit,11.8,media
SKU-0483,Harina Don Vittorio 200g,Abarrotes,unit,3.7,media
SKU-0484,Harina Don Vittorio 500g,Abarrotes,unit,2.2,baja
SKU-0485,Café Altomayo 500g,Abarrotes,unit,3.2,media
SKU-0486,Fideos Primor 500g,Abarrotes,unit,4.7,media
SKU-0487,Fideos Primor 1kg,Abarrotes,unit,8.5,baja
SKU-0488,Aceite Inca Sur 200g,Abarrotes,unit,4.1,alta
SKU-0489,Salsa Tomate Nicolini 500g,Abarrotes,unit,3.4,baja
SKU-0490,Aceite Nicolini unidad,Abarrotes,unit,10.5,media
SKU-0491,Café Altomayo 200g,Abarrotes,unit,8.0,media
SKU-0492,Sal Nicolini 200g,Abarrotes,unit,3.8,baja
SKU-0493,Fideos Nicolini 1kg,Abarrotes,unit,6.1,media
SKU-0494,Sémola Inca Sur 200g,Abarrotes,unit,7.2,alta
SKU-0495,Salsa Tomate Inca Sur 1kg,Abarrotes,unit,3.7,baja
SKU-0496,Aceite Don Vittorio 500g,Abarrotes,unit,2.8,media
SKU-0497,Harina Don Vittorio 400g,Abarrotes,unit,4.5,media
SKU-0498,Sal Altomayo unidad,Abarrotes,unit,4.9,media
SKU-0499,Avena Nicolini unidad,Abarrotes,unit,9.1,media
SKU-0500,Sal Nicolini unidad,Abarrotes,unit,7.8,media
SKU-0501,Sémola Don Vittorio 200g,Abarrotes,unit,8.6,baja
SKU-0502,Café Nicolini 1kg,Abarrotes,unit,9.3,media
SKU-0503,Café Nicolini 500g,Abarrotes,unit,2.3,media
SKU-0504,Salsa Tomate Nicolini 1kg,Abarrotes,unit,8.1,alta
SKU-0505,Aceite Costeño 1kg,Abarrotes,unit,6.9,media
SKU-0506,Avena Inca Sur 500g,Abarrotes,unit,5.3,baja
SKU-0507,Avena Primor 1kg,Abarrotes,unit,3.1,alta
SKU-0508,Aceite Don Vittorio 200g,Abarrotes,unit,9.4,media
SKU-0509,Aceite Nicolini 200g,Abarrotes,unit,8.8,media
SKU-0510,Avena Blanca Flor 400g,Abarrotes,unit,4.4,baja
SKU-0511,Fideos Altomayo unidad,Abarrotes,unit,10.0,media
SKU-0512,Avena Inca Sur 200g,Abarrotes,unit,4.8,media
SKU-0513,Sémola Costeño 1kg,Abarrotes,unit,5.7,alta
SKU-0514,Fideos Costeño unidad,Abarrotes,unit,11.2,alta
SKU-0515,Sal Costeño 200g,Abarrotes,unit,11.4,media
SKU-0516,Café Primor 1kg,Abarrotes,unit,3.9,media
SKU-0517,Café Blanca Flor 200g,Abarrotes,unit,10.6,baja
SKU-0518,Avena Blanca Flor unidad,Abarrotes,unit,10.1,media
SKU-0519,Avena Don Vittorio 500g,Abarrotes,unit,8.9,baja
SKU-0520,Café Blanca Flor 1kg,Abarrotes,unit,4.5,media
SKU-0521,Fideos Altomayo 500g,Abarrotes,unit,4.3,baja
SKU-0522,Fideos Primor 500g,Abarrotes,unit,11.4,alta
SKU-0523,Sal Costeño 500g,Abarrotes,unit,9.1,baja
SKU-0524,Fideos Primor 400g,Abarrotes,unit,3.8,media
SKU-0525,Sémola Don Vittorio 400g,Abarrotes,unit,11.0,alta
SKU-0526,Fideos Don Vittorio unidad,Abarrotes,unit,8.9,media
SKU-0527,Café Nicolini 1kg,Abarrotes,unit,11.2,baja
SKU-0528,Salsa Tomate Costeño 400g,Abarrotes,unit,11.3,media
SKU-0529,Avena Costeño 500g,Abarrotes,unit,10.6,baja
SKU-0530,Aceite Don Vittorio 400g,Abarrotes,unit,5.2,baja
SKU-0531,Harina Blanca Flor unidad,Abarrotes,unit,2.4,media
SKU-0532,Fideos Inca Sur 200g,Abarrotes,unit,4.3,alta
SKU-0533,Sal Nicolini 1kg,Abarrotes,unit,2.8,media
SKU-0534,Salsa Tomate Altomayo 1kg,Abarrotes,unit,5.4,baja
SKU-0535,Sémola Costeño 400g,Abarrotes,unit,2.7,media
SKU-0536,Aceite Costeño 1kg,Abarrotes,unit,7.5,baja
SKU-0537,Aceite Costeño unidad,Abarrotes,unit,5.2,media
SKU-0538,Salsa Tomate Altomayo 500g,Abarrotes,unit,10.8,media
SKU-0539,Fideos Primor 1kg,Abarrotes,unit,4.3,alta
SKU-0540,Fideos Don Vittorio 400g,Abarrotes,unit,10.6,alta
SKU-0541,Sal Primor 400g,Abarrotes,unit,10.6,media
SKU-0542,Sal Costeño 500g,Abarrotes,unit,11.3,baja
SKU-0543,Aceite Don Vittorio 1kg,Abarrotes,unit,12.1,media
SKU-0544,Sémola Primor 400g,Abarrotes,unit,9.7,media
SKU-0545,Sémola Altomayo 400g,Abarrotes,unit,6.8,media
SKU-0546,Avena Don Vittorio 1kg,Abarrotes,unit,10.8,baja
SKU-0547,Fideos Nicolini 200g,Abarrotes,unit,9.7,media
SKU-0548,Salsa Tomate Don Vittorio 500g,Abarrotes,unit,6.2,baja
SKU-0549,Sémola Altomayo 1kg,Abarrotes,unit,4.4,alta
SKU-0550,Sémola Costeño 200g,Abarrotes,unit,5.5,media
SKU-0551,Arvejas Gloria 500g,Conservas,unit,4.5,media
SKU-0552,Maíz San Jorge unidad,Conservas,unit,3.1,alta
SKU-0553,Arvejas San Jorge 500g,Conservas,unit,7.9,media
SKU-0554,Sardinas Pamela 200g,Conservas,unit,5.0,media
SKU-0555,Maíz Pamela unidad,Conservas,unit,4.1,baja
SKU-0556,Arvejas A-1 200g,Conservas,unit,7.0,alta
SKU-0557,Arvejas San Jorge 500g,Conservas,unit,5.2,baja
SKU-0558,Pallar Primor 400g,Conservas,unit,7.7,media
SKU-0559,Verduras San Jorge 400g,Conservas,unit,6.1,media
SKU-0560,Sardinas A-1 200g,Conservas,unit,8.0,media
SKU-0561,Lentejas Cocidas A-1 400g,Conservas,unit,7.7,media
SKU-0562,Salsas Primor 500g,Conservas,unit,6.0,media
SKU-0563,Pallar San Jorge 400g,Conservas,unit,4.3,media
SKU-0564,Maíz Gloria 400g,Conservas,unit,4.1,media
SKU-0565,Verduras Florida 400g,Conservas,unit,6.9,media
SKU-0566,Lentejas Cocidas Florida 200g,Conservas,unit,3.3,baja
SKU-0567,Maíz San Jorge 1kg,Conservas,unit,7.4,baja
SKU-0568,Arvejas San Jorge unidad,Conservas,unit,7.9,media
SKU-0569,Salsas A-1 1kg,Conservas,unit,4.9,baja
SKU-0570,Pallar A-1 unidad,Conservas,unit,6.5,media
SKU-0571,Verduras San Jorge 500g,Conservas,unit,7.0,media
SKU-0572,Maíz Pamela 200g,Conservas,unit,4.1,media
SKU-0573,Arvejas Pamela 500g,Conservas,unit,6.0,media
SKU-0574,Salsas Primor unidad,Conservas,unit,3.5,baja
SKU-0575,Sardinas Primor unidad,Conservas,unit,4.4,alta
SKU-0576,Sardinas Primor 1kg,Conservas,unit,7.4,baja
SKU-0577,Arvejas Gloria 200g,Conservas,unit,7.3,baja
SKU-0578,Verduras San Jorge 500g,Conservas,unit,6.3,media
SKU-0579,Sardinas Bells 200g,Conservas,unit,3.4,media
SKU-0580,Lentejas Cocidas A-1 unidad,Conservas,unit,5.0,media
SKU-0581,Arvejas Pamela unidad,Conservas,unit,6.6,media
SKU-0582,Lentejas Cocidas San Jorge 200g,Conservas,unit,3.4,media
SKU-0583,Arvejas San Jorge unidad,Conservas,unit,6.3,alta
SKU-0584,Pallar Florida 500g,Conservas,unit,7.2,media
SKU-0585,Lentejas Cocidas Pamela unidad,Conservas,unit,5.4,media
SKU-0586,Maíz Gloria 1kg,Conservas,unit,7.1,media
SKU-0587,Sardinas San Jorge 500g,Conservas,unit,6.3,media
SKU-0588,Pallar Gloria unidad,Conservas,unit,4.3,baja
SKU-0589,Pallar Florida 200g,Conservas,unit,7.1,media
SKU-0590,Maíz Bells 1kg,Conservas,unit,7.2,baja
SKU-0591,Arvejas A-1 unidad,Conservas,unit,6.6,baja
SKU-0592,Lentejas Cocidas Florida 500g,Conservas,unit,6.4,media
SKU-0593,Verduras Primor 1kg,Conservas,unit,6.1,baja
SKU-0594,Arvejas San Jorge 500g,Conservas,unit,3.8,baja
SKU-0595,Pallar A-1 200g,Conservas,unit,7.4,alta
SKU-0596,Salsas Bells 500g,Conservas,unit,7.1,alta
SKU-0597,Sardinas Primor 200g,Conservas,unit,4.7,baja
SKU-0598,Lentejas Cocidas Bells 1kg,Conservas,unit,3.8,baja
SKU-0599,Verduras Primor unidad,Conservas,unit,7.1,media
SKU-0600,Salsas Florida 500g,Conservas,unit,3.0,media
SKU-0601,Sardinas A-1 400g,Conservas,unit,6.1,baja
SKU-0602,Verduras Primor 1kg,Conservas,unit,6.2,media
SKU-0603,Maíz A-1 200g,Conservas,unit,6.1,media
SKU-0604,Verduras A-1 1kg,Conservas,unit,6.7,alta
SKU-0605,Pallar San Jorge 500g,Conservas,unit,6.8,media
SKU-0606,Salsas Florida unidad,Conservas,unit,8.0,media
SKU-0607,Sardinas Bells 1kg,Conservas,unit,6.2,baja
SKU-0608,Lentejas Cocidas Primor 200g,Conservas,unit,3.5,baja
SKU-0609,Verduras Primor 400g,Conservas,unit,6.4,alta
SKU-0610,Maíz Primor 1kg,Conservas,unit,4.5,baja
SKU-0611,Maíz Florida 400g,Conservas,unit,3.3,media
SKU-0612,Maíz Gloria 500g,Conservas,unit,4.6,media
SKU-0613,Salsas San Jorge 200g,Conservas,unit,3.2,baja
SKU-0614,Lentejas Cocidas San Jorge unidad,Conservas,unit,8.0,baja
SKU-0615,Salsas Bells unidad,Conservas,unit,6.7,alta
SKU-0616,Sardinas Bells 500g,Conservas,unit,6.8,alta
SKU-0617,Salsas A-1 400g,Conservas,unit,3.1,media
SKU-0618,Lentejas Cocidas Pamela 400g,Conservas,unit,5.4,baja
SKU-0619,Maíz Florida unidad,Conservas,unit,6.4,media
SKU-0620,Salsas Florida 1kg,Conservas,unit,4.4,baja
SKU-0621,Sardinas Pamela 500g,Conservas,unit,5.1,media
SKU-0622,Pallar Bells 400g,Conservas,unit,3.8,baja
SKU-0623,Arvejas A-1 500g,Conservas,unit,6.6,media
SKU-0624,Salsas Bells 1kg,Conservas,unit,3.4,media
SKU-0625,Maíz A-1 400g,Conservas,unit,6.2,media
SKU-0626,Verduras San Jorge 1kg,Conservas,unit,7.8,media
SKU-0627,Salsas Florida 500g,Conservas,unit,5.2,baja
SKU-0628,Pallar A-1 1kg,Conservas,unit,5.1,media
SKU-0629,Arvejas San Jorge 500g,Conservas,unit,5.0,media
SKU-0630,Salsas Pamela unidad,Conservas,unit,7.9,media
SKU-0631,Lentejas Cocidas Pamela 400g,Conservas,unit,7.6,media
SKU-0632,Salsas Florida unidad,Conservas,unit,4.0,alta
SKU-0633,Maíz San Jorge 500g,Conservas,unit,6.2,media
SKU-0634,Sardinas Bells 1kg,Conservas,unit,7.3,media
SKU-0635,Salsas Primor unidad,Conservas,unit,7.7,media
SKU-0636,Sardinas Bells unidad,Conservas,unit,7.3,baja
SKU-0637,Salsas Gloria 500g,Conservas,unit,7.0,baja
SKU-0638,Sardinas San Jorge 400g,Conservas,unit,6.8,media
SKU-0639,Verduras Pamela unidad,Conservas,unit,3.7,alta
SKU-0640,Maíz San Jorge 1kg,Conservas,unit,7.5,media
SKU-0641,Sardinas Florida 1kg,Conservas,unit,7.0,media
SKU-0642,Verduras Gloria 1kg,Conservas,unit,3.6,alta
SKU-0643,Sardinas Pamela unidad,Conservas,unit,6.4,media
SKU-0644,Verduras Florida 1kg,Conservas,unit,4.1,media
SKU-0645,Sardinas Primor 400g,Conservas,unit,3.3,media
SKU-0646,Sardinas Primor 200g,Conservas,unit,4.3,baja
SKU-0647,Salsas Bells 500g,Conservas,unit,4.6,media
SKU-0648,Salsas Florida 400g,Conservas,unit,3.1,alta
SKU-0649,Sardinas Primor 1kg,Conservas,unit,5.1,media
SKU-0650,Pallar San Jorge 400g,Conservas,unit,6.1,media
SKU-0651,Salsas Bells 1kg,Conservas,unit,6.4,baja
SKU-0652,Arvejas A-1 200g,Conservas,unit,6.8,alta
SKU-0653,Sardinas Gloria 500g,Conservas,unit,5.3,alta
SKU-0654,Maíz San Jorge 400g,Conservas,unit,4.2,baja
SKU-0655,Lentejas Cocidas Bells unidad,Conservas,unit,3.7,media
SKU-0656,Lentejas Cocidas Pamela 200g,Conservas,unit,6.2,baja
SKU-0657,Salsas Primor 400g,Conservas,unit,5.8,alta
SKU-0658,Verduras Gloria 200g,Conservas,unit,4.6,media
SKU-0659,Maíz Pamela unidad,Conservas,unit,3.4,media
SKU-0660,Arvejas Gloria 200g,Conservas,unit,3.2,alta
SKU-0661,Salsas Pamela unidad,Conservas,unit,5.1,alta
SKU-0662,Lentejas Cocidas Gloria unidad,Conservas,unit,5.7,media
SKU-0663,Lentejas Cocidas Florida 400g,Conservas,unit,7.0,media
SKU-0664,Verduras Pamela 200g,Conservas,unit,3.9,alta
SKU-0665,Lentejas Cocidas Primor 400g,Conservas,unit,6.2,baja
SKU-0666,Lentejas Cocidas Pamela 400g,Conservas,unit,3.2,baja
SKU-0667,Pallar Bells 200g,Conservas,unit,3.3,media
SKU-0668,Lentejas Cocidas Primor 200g,Conservas,unit,6.5,baja
SKU-0669,Lentejas Cocidas A-1 unidad,Conservas,unit,6.7,baja
SKU-0670,Salsas A-1 unidad,Conservas,unit,4.6,baja
SKU-0671,Sardinas Pamela 1kg,Conservas,unit,3.5,baja
SKU-0672,Sardinas Bells 1kg,Conservas,unit,5.6,baja
SKU-0673,Verduras Primor 200g,Conservas,unit,5.3,media
SKU-0674,Verduras San Jorge 200g,Conservas,unit,5.6,baja
SKU-0675,Verduras Florida 200g,Conservas,unit,3.4,alta
SKU-0676,Salsas A-1 500g,Conservas,unit,4.1,media
SKU-0677,Maíz Gloria 500g,Conservas,unit,7.4,media
SKU-0678,Lentejas Cocidas Primor 400g,Conservas,unit,8.1,media
SKU-0679,Salsas San Jorge 1kg,Conservas,unit,3.8,baja
SKU-0680,Pallar Pamela 400g,Conservas,unit,6.3,media
SKU-0681,Salsas Florida 200g,Conservas,unit,5.8,baja
SKU-0682,Pallar San Jorge 1kg,Conservas,unit,4.1,baja
SKU-0683,Sardinas Primor 400g,Conservas,unit,7.9,media
SKU-0684,Sardinas San Jorge 400g,Conservas,unit,4.0,media
SKU-0685,Sardinas Primor 500g,Conservas,unit,3.4,alta
SKU-0686,Cerveza Volt 1.5L,Bebidas,unit,4.7,media
SKU-0687,Energizante Cielo 355ml,Bebidas,unit,10.7,media
SKU-0688,Agua Cielo 600ml,Bebidas,unit,9.5,media
SKU-0689,Gaseosa Cusqueña 600ml,Bebidas,unit,5.4,media
SKU-0690,Jugo Coca Cola 600ml,Bebidas,unit,11.8,alta
SKU-0691,Energizante Volt 2.25L,Bebidas,unit,10.8,media
SKU-0692,Energizante Volt 600ml,Bebidas,unit,6.5,media
SKU-0693,Agua Red Bull 2.25L,Bebidas,unit,6.9,baja
SKU-0694,Energizante Kuni 1.5L,Bebidas,unit,11.0,media
SKU-0695,Jugo Coca Cola 2.25L,Bebidas,unit,4.8,media
SKU-0696,Energizante Coca Cola 1L,Bebidas,unit,11.0,media
SKU-0697,Cerveza Pepsi 1.5L,Bebidas,unit,8.2,media
SKU-0698,Jugo Kuni 355ml,Bebidas,unit,9.4,alta
SKU-0699,Gaseosa Kuni 2.25L,Bebidas,unit,9.2,baja
SKU-0700,Jugo Cielo 1L,Bebidas,unit,3.8,media
SKU-0701,Cerveza Volt 500ml,Bebidas,unit,11.7,media
SKU-0702,Energizante Kuni 1L,Bebidas,unit,10.5,media
SKU-0703,Gaseosa Kuni 1.5L,Bebidas,unit,4.5,baja
SKU-0704,Energizante Cielo 2.25L,Bebidas,unit,6.6,media
SKU-0705,Gaseosa Coca Cola 2.25L,Bebidas,unit,5.6,media
SKU-0706,Energizante Kuni 1.5L,Bebidas,unit,3.6,media
SKU-0707,Agua Inca Kola 500ml,Bebidas,unit,11.6,media
SKU-0708,Cerveza Cusqueña 1L,Bebidas,unit,8.7,media
SKU-0709,Gaseosa Pepsi 355ml,Bebidas,unit,9.7,alta
SKU-0710,Agua Cusqueña 600ml,Bebidas,unit,11.6,media
SKU-0711,Jugo Volt 1.5L,Bebidas,unit,4.5,alta
SKU-0712,Gaseosa Cristal 500ml,Bebidas,unit,3.8,media
SKU-0713,Energizante Kuni 600ml,Bebidas,unit,5.4,baja
SKU-0714,Energizante Coca Cola 1.5L,Bebidas,unit,6.2,media
SKU-0715,Agua Pilsen 600ml,Bebidas,unit,8.3,media
SKU-0716,Energizante Kuni 2.25L,Bebidas,unit,3.7,media
SKU-0717,Jugo San Luis 355ml,Bebidas,unit,2.4,media
SKU-0718,Gaseosa Pepsi 1L,Bebidas,unit,8.4,media
SKU-0719,Cerveza Volt 1.5L,Bebidas,unit,10.5,baja
SKU-0720,Gaseosa Cielo 600ml,Bebidas,unit,7.8,baja
SKU-0721,Energizante San Luis 1.5L,Bebidas,unit,4.1,alta
SKU-0722,Jugo Red Bull 500ml,Bebidas,unit,4.7,alta
SKU-0723,Gaseosa Pepsi 355ml,Bebidas,unit,7.2,baja
SKU-0724,Energizante Pepsi 2.25L,Bebidas,unit,2.4,alta
SKU-0725,Energizante Coca Cola 2.25L,Bebidas,unit,6.5,baja
SKU-0726,Jugo Cusqueña 600ml,Bebidas,unit,5.2,media
SKU-0727,Gaseosa Pilsen 1.5L,Bebidas,unit,2.4,alta
SKU-0728,Jugo Cielo 500ml,Bebidas,unit,12.1,baja
SKU-0729,Agua Kuni 1.5L,Bebidas,unit,2.0,baja
SKU-0730,Agua Coca Cola 500ml,Bebidas,unit,8.5,baja
SKU-0731,Agua San Luis 1L,Bebidas,unit,6.5,media
SKU-0732,Gaseosa Kuni 1.5L,Bebidas,unit,6.8,media
SKU-0733,Cerveza Kuni 1L,Bebidas,unit,3.4,alta
SKU-0734,Cerveza Pepsi 1.5L,Bebidas,unit,5.1,media
SKU-0735,Gaseosa Coca Cola 600ml,Bebidas,unit,4.0,media
SKU-0736,Energizante Red Bull 1.5L,Bebidas,unit,11.7,alta
SKU-0737,Energizante Volt 1.5L,Bebidas,unit,8.8,media
SKU-0738,Gaseosa Pepsi 600ml,Bebidas,unit,10.5,media
SKU-0739,Gaseosa Red Bull 1L,Bebidas,unit,8.9,baja
SKU-0740,Cerveza Kuni 500ml,Bebidas,unit,11.3,media
SKU-0741,Cerveza Cusqueña 1.5L,Bebidas,unit,7.0,media
SKU-0742,Agua Pepsi 1L,Bebidas,unit,10.8,media
SKU-0743,Cerveza Inca Kola 355ml,Bebidas,unit,2.3,baja
SKU-0744,Cerveza Pepsi 600ml,Bebidas,unit,8.7,media
SKU-0745,Agua Pepsi 600ml,Bebidas,unit,4.2,media
SKU-0746,Agua Kuni 1.5L,Bebidas,unit,5.9,media
SKU-0747,Jugo Coca Cola 600ml,Bebidas,unit,3.1,media
SKU-0748,Agua Cusqueña 1.5L,Bebidas,unit,12.1,alta
SKU-0749,Jugo Pepsi 2.25L,Bebidas,unit,11.7,media
SKU-0750,Jugo Cristal 1.5L,Bebidas,unit,10.8,baja
SKU-0751,Gaseosa Pilsen 2.25L,Bebidas,unit,7.8,media
SKU-0752,Agua Cristal 1.5L,Bebidas,unit,10.6,media
SKU-0753,Agua Pepsi 2.25L,Bebidas,unit,5.3,media
SKU-0754,Cerveza Cristal 600ml,Bebidas,unit,10.0,baja
SKU-0755,Cerveza Inca Kola 355ml,Bebidas,unit,10.0,media
SKU-0756,Gaseosa Inca Kola 2.25L,Bebidas,unit,10.2,alta
SKU-0757,Cerveza Cielo 2.25L,Bebidas,unit,7.4,alta
SKU-0758,Agua Cristal 1L,Bebidas,unit,5.2,media
SKU-0759,Cerveza Cusqueña 355ml,Bebidas,unit,6.0,media
SKU-0760,Energizante Cusqueña 1.5L,Bebidas,unit,5.8,media
SKU-0761,Jugo Cusqueña 600ml,Bebidas,unit,4.4,media
SKU-0762,Energizante San Luis 2.25L,Bebidas,unit,4.3,alta
SKU-0763,Energizante Cielo 1L,Bebidas,unit,7.9,media
SKU-0764,Gaseosa Inca Kola 500ml,Bebidas,unit,8.3,media
SKU-0765,Energizante Volt 1L,Bebidas,unit,5.8,baja
SKU-0766,Energizante San Luis 600ml,Bebidas,unit,7.1,media
SKU-0767,Cerveza Pepsi 600ml,Bebidas,unit,2.3,media
SKU-0768,Jugo Kuni 1L,Bebidas,unit,5.9,media
SKU-0769,Agua Kuni 1.5L,Bebidas,unit,7.7,media
SKU-0770,Cerveza Coca Cola 600ml,Bebidas,unit,8.1,baja
SKU-0771,Agua Red Bull 355ml,Bebidas,unit,10.1,media
SKU-0772,Jugo Red Bull 500ml,Bebidas,unit,11.7,alta
SKU-0773,Agua Coca Cola 355ml,Bebidas,unit,4.0,alta
SKU-0774,Jugo Volt 1.5L,Bebidas,unit,8.4,baja
SKU-0775,Energizante San Luis 500ml,Bebidas,unit,4.5,baja
SKU-0776,Jugo Cristal 2.25L,Bebidas,unit,2.6,baja
SKU-0777,Jugo San Luis 500ml,Bebidas,unit,5.6,alta
SKU-0778,Energizante Pilsen 1L,Bebidas,unit,6.9,media
SKU-0779,Energizante Cielo 1L,Bebidas,unit,4.8,media
SKU-0780,Gaseosa Coca Cola 1L,Bebidas,unit,9.9,media
SKU-0781,Cerveza Red Bull 500ml,Bebidas,unit,5.1,media
SKU-0782,Agua Cristal 600ml,Bebidas,unit,9.2,media
SKU-0783,Gaseosa Inca Kola 600ml,Bebidas,unit,6.2,alta
SKU-0784,Energizante Cristal 2.25L,Bebidas,unit,3.8,media
SKU-0785,Energizante Cielo 1.5L,Bebidas,unit,3.7,media
SKU-0786,Gaseosa Coca Cola 1L,Bebidas,unit,9.2,alta
SKU-0787,Agua Cielo 2.25L,Bebidas,unit,7.6,media
SKU-0788,Jugo Volt 600ml,Bebidas,unit,11.6,media
SKU-0789,Gaseosa Volt 355ml,Bebidas,unit,10.1,media
SKU-0790,Cerveza Pilsen 500ml,Bebidas,unit,2.4,media
SKU-0791,Jugo Pilsen 600ml,Bebidas,unit,11.9,media
SKU-0792,Gaseosa Volt 1.5L,Bebidas,unit,10.3,baja
SKU-0793,Energizante Pilsen 600ml,Bebidas,unit,4.3,media
SKU-0794,Cerveza Cusqueña 1.5L,Bebidas,unit,8.1,media
SKU-0795,Gaseosa Pepsi 355ml,Bebidas,unit,10.5,baja
SKU-0796,Energizante Kuni 600ml,Bebidas,unit,5.5,media
SKU-0797,Cerveza Kuni 500ml,Bebidas,unit,10.0,media
SKU-0798,Agua Cristal 1.5L,Bebidas,unit,10.2,media
SKU-0799,Energizante Pilsen 355ml,Bebidas,unit,8.7,alta
SKU-0800,Gaseosa Inca Kola 500ml,Bebidas,unit,8.3,media
SKU-0801,Jugo Red Bull 1.5L,Bebidas,unit,7.9,media
SKU-0802,Energizante Pepsi 1.5L,Bebidas,unit,9.5,baja
SKU-0803,Cerveza Pepsi 600ml,Bebidas,unit,4.2,alta
SKU-0804,Cerveza Kuni 500ml,Bebidas,unit,2.2,media
SKU-0805,Vodka Vargas 700ml,Licores,unit,59.8,baja
SKU-0806,Pisco Johnnie Walker 1L,Licores,unit,32.5,media
SKU-0807,Pisco Vargas 750ml,Licores,unit,60.1,media
SKU-0808,Pisco Johnnie Walker 750ml,Licores,unit,89.5,media
SKU-0809,Vino Johnnie Walker 700ml,Licores,unit,68.2,media
SKU-0810,Vino Smirnoff 1L,Licores,unit,47.1,baja
SKU-0811,Whisky Santiago Queirolo 350ml,Licores,unit,67.3,baja
SKU-0812,Pisco Smirnoff 700ml,Licores,unit,24.3,media
SKU-0813,Pisco Vargas 500ml,Licores,unit,69.0,baja
SKU-0814,Vino Vargas 750ml,Licores,unit,35.8,media
SKU-0815,Ron Vargas 1L,Licores,unit,21.6,baja
SKU-0816,Vodka Cartavio 500ml,Licores,unit,29.3,media
SKU-0817,Vino Vargas 350ml,Licores,unit,32.0,media
SKU-0818,Ron Borgoña 750ml,Licores,unit,19.9,baja
SKU-0819,Whisky Smirnoff 500ml,Licores,unit,20.0,baja
SKU-0820,Vodka Santiago Queirolo 500ml,Licores,unit,32.8,baja
SKU-0821,Vodka Vargas 1L,Licores,unit,81.5,baja
SKU-0822,Vodka Santiago Queirolo 350ml,Licores,unit,55.3,media
SKU-0823,Ron Vargas 500ml,Licores,unit,40.0,baja
SKU-0824,Pisco Johnnie Walker 750ml,Licores,unit,89.6,baja
SKU-0825,Pisco Smirnoff 700ml,Licores,unit,56.4,baja
SKU-0826,Ron Smirnoff 1L,Licores,unit,50.2,media
SKU-0827,Whisky Vargas 700ml,Licores,unit,57.4,baja
SKU-0828,Whisky Vargas 750ml,Licores,unit,28.2,baja
SKU-0829,Ron Cartavio 700ml,Licores,unit,29.9,baja
SKU-0830,Pisco Johnnie Walker 500ml,Licores,unit,21.8,media
SKU-0831,Whisky Johnnie Walker 500ml,Licores,unit,72.5,media
SKU-0832,Vodka Johnnie Walker 750ml,Licores,unit,64.6,baja
SKU-0833,Whisky Vargas 700ml,Licores,unit,83.8,media
SKU-0834,Whisky Borgoña 1L,Licores,unit,45.2,media
SKU-0835,Pisco Smirnoff 750ml,Licores,unit,89.0,baja
SKU-0836,Whisky Cartavio 700ml,Licores,unit,56.1,baja
SKU-0837,Vino Johnnie Walker 350ml,Licores,unit,54.4,baja
SKU-0838,Whisky Smirnoff 700ml,Licores,unit,21.8,baja
SKU-0839,Vodka Cartavio 500ml,Licores,unit,24.3,baja
SKU-0840,Pisco Johnnie Walker 1L,Licores,unit,74.6,baja
SKU-0841,Whisky Cartavio 350ml,Licores,unit,17.7,media
SKU-0842,Pisco Santiago Queirolo 1L,Licores,unit,34.6,media
SKU-0843,Ron Cartavio 350ml,Licores,unit,21.6,baja
SKU-0844,Pisco Cartavio 500ml,Licores,unit,55.5,media
SKU-0845,Vino Borgoña 750ml,Licores,unit,45.0,media
SKU-0846,Whisky Santiago Queirolo 750ml,Licores,unit,59.4,baja
SKU-0847,Vino Santiago Queirolo 500ml,Licores,unit,82.9,media
SKU-0848,Vino Vargas 500ml,Licores,unit,88.0,baja
SKU-0849,Vodka Santiago Queirolo 750ml,Licores,unit,30.9,baja
SKU-0850,Vodka Santiago Queirolo 500ml,Licores,unit,23.6,baja
SKU-0851,Whisky Johnnie Walker 700ml,Licores,unit,44.2,baja
SKU-0852,Vino Borgoña 1L,Licores,unit,79.7,baja
SKU-0853,Ron Vargas 350ml,Licores,unit,73.0,media
SKU-0854,Ron Smirnoff 500ml,Licores,unit,20.9,media
SKU-0855,Vino Smirnoff 750ml,Licores,unit,28.3,baja
SKU-0856,Ron Santiago Queirolo 700ml,Licores,unit,40.9,baja
SKU-0857,Vino Borgoña 700ml,Licores,unit,62.8,baja
SKU-0858,Pisco Vargas 350ml,Licores,unit,24.9,baja
SKU-0859,Whisky Johnnie Walker 750ml,Licores,unit,84.6,media
SKU-0860,Pisco Vargas 750ml,Licores,unit,61.2,baja
SKU-0861,Ron Vargas 750ml,Licores,unit,28.5,baja
SKU-0862,Whisky Cartavio 350ml,Licores,unit,44.7,media
SKU-0863,Whisky Cartavio 750ml,Licores,unit,42.0,media
SKU-0864,Whisky Santiago Queirolo 500ml,Licores,unit,16.8,media
SKU-0865,Vino Santiago Queirolo 700ml,Licores,unit,87.4,baja
SKU-0866,Whisky Vargas 500ml,Licores,unit,86.6,media
SKU-0867,Ron Vargas 750ml,Licores,unit,38.0,baja
SKU-0868,Vodka Vargas 700ml,Licores,unit,48.2,media
SKU-0869,Vino Smirnoff 350ml,Licores,unit,63.1,media
SKU-0870,Ron Cartavio 750ml,Licores,unit,61.5,baja
SKU-0871,Whisky Cartavio 350ml,Licores,unit,26.2,media
SKU-0872,Whisky Smirnoff 500ml,Licores,unit,73.4,media
SKU-0873,Vodka Johnnie Walker 700ml,Licores,unit,19.2,baja
SKU-0874,Whisky Vargas 1L,Licores,unit,19.5,baja
SKU-0875,Vino Johnnie Walker 700ml,Licores,unit,89.7,media
SKU-0876,Ron Borgoña 350ml,Licores,unit,25.2,media
SKU-0877,Vodka Johnnie Walker 500ml,Licores,unit,37.3,media
SKU-0878,Vodka Santiago Queirolo 1L,Licores,unit,65.9,media
SKU-0879,Whisky Santiago Queirolo 350ml,Licores,unit,52.9,baja
SKU-0880,Whisky Johnnie Walker 1L,Licores,unit,75.9,baja
SKU-0881,Ron Cartavio 500ml,Licores,unit,37.4,baja
SKU-0882,Vodka Cartavio 750ml,Licores,unit,54.0,media
SKU-0883,Muffin Gloria 900g,Panadería,unit,5.8,baja
SKU-0884,Panetón Artesanal pack 4u,Panadería,unit,12.9,media
SKU-0885,Bizcocho Artesanal unidad,Panadería,unit,11.1,media
SKU-0886,Panetón Artesanal pack 6u,Panadería,unit,21.0,baja
SKU-0887,Pan Artesanal unidad,Panadería,unit,19.9,alta
SKU-0888,Pan Artesanal 900g,Panadería,unit,12.1,media
SKU-0889,Bizcocho Artesanal 900g,Panadería,unit,3.4,media
SKU-0890,Bizcocho Todinno pack 6u,Panadería,unit,20.0,media
SKU-0891,Panetón Bimbo pack 4u,Panadería,unit,15.0,media
SKU-0892,Panetón Bimbo 900g,Panadería,unit,3.3,media
SKU-0893,Panetón Bimbo 500g,Panadería,unit,24.7,baja
SKU-0894,Bizcocho Artesanal 500g,Panadería,unit,24.3,media
SKU-0895,Panetón Artesanal unidad,Panadería,unit,5.3,media
SKU-0896,Panetón D’Onofrio unidad,Panadería,unit,13.1,baja
SKU-0897,Panetón D’Onofrio unidad,Panadería,unit,5.3,media
SKU-0898,Bizcocho Artesanal unidad,Panadería,unit,6.2,media
SKU-0899,Pan Gloria pack 6u,Panadería,unit,19.0,media
SKU-0900,Pan Artesanal unidad,Panadería,unit,11.4,media
SKU-0901,Pan Gloria unidad,Panadería,unit,13.1,baja
SKU-0902,Muffin Gloria pack 4u,Panadería,unit,22.7,baja
SKU-0903,Bizcocho Gloria pack 6u,Panadería,unit,20.4,media
SKU-0904,Panetón Gloria 500g,Panadería,unit,18.2,media
SKU-0905,Panetón Bimbo 900g,Panadería,unit,8.5,baja
SKU-0906,Bizcocho D’Onofrio unidad,Panadería,unit,3.8,baja
SKU-0907,Bizcocho Artesanal 500g,Panadería,unit,13.4,baja
SKU-0908,Bizcocho Todinno unidad,Panadería,unit,17.5,baja
SKU-0909,Pan D’Onofrio 500g,Panadería,unit,17.0,baja
SKU-0910,Panetón Artesanal 500g,Panadería,unit,4.4,media
SKU-0911,Bizcocho Todinno 500g,Panadería,unit,6.3,baja
SKU-0912,Muffin Todinno pack 6u,Panadería,unit,14.4,baja
SKU-0913,Bizcocho Bimbo unidad,Panadería,unit,3.9,alta
SKU-0914,Panetón Artesanal unidad,Panadería,unit,19.0,alta
SKU-0915,Bizcocho Todinno unidad,Panadería,unit,4.6,alta
SKU-0916,Pan Artesanal unidad,Panadería,unit,24.1,baja
SKU-0917,Panetón Artesanal unidad,Panadería,unit,10.7,media
SKU-0918,Bizcocho Bimbo 500g,Panadería,unit,10.7,baja
SKU-0919,Panetón Todinno 900g,Panadería,unit,17.6,media
SKU-0920,Bizcocho Bimbo pack 4u,Panadería,unit,6.8,alta
SKU-0921,Muffin Todinno 900g,Panadería,unit,17.4,baja
SKU-0922,Muffin Artesanal 900g,Panadería,unit,8.8,alta
SKU-0923,Muffin Todinno pack 6u,Panadería,unit,4.8,baja
SKU-0924,Bizcocho Artesanal pack 4u,Panadería,unit,9.5,baja
SKU-0925,Panetón D’Onofrio pack 6u,Panadería,unit,16.4,media
SKU-0926,Pan Artesanal 900g,Panadería,unit,7.6,media
SKU-0927,Bizcocho Gloria 900g,Panadería,unit,16.7,baja
SKU-0928,Panetón Bimbo pack 6u,Panadería,unit,17.0,media
SKU-0929,Panetón Artesanal pack 6u,Panadería,unit,3.9,baja
SKU-0930,Panetón Gloria pack 4u,Panadería,unit,20.5,media
SKU-0931,Muffin Gloria pack 4u,Panadería,unit,24.7,baja
SKU-0932,Panetón Todinno pack 4u,Panadería,unit,15.8,baja
SKU-0933,Muffin Todinno 500g,Panadería,unit,20.9,baja
SKU-0934,Pan Artesanal 500g,Panadería,unit,5.8,media
SKU-0935,Panetón Artesanal 900g,Panadería,unit,23.2,media
SKU-0936,Bizcocho Gloria pack 4u,Panadería,unit,11.1,media
SKU-0937,Muffin Todinno pack 6u,Panadería,unit,12.6,baja
SKU-0938,Pan Gloria pack 6u,Panadería,unit,23.7,media
SKU-0939,Pan Artesanal pack 4u,Panadería,unit,5.7,media
SKU-0940,Pan D’Onofrio 500g,Panadería,unit,22.7,baja
SKU-0941,Pan Bimbo pack 4u,Panadería,unit,9.4,baja
SKU-0942,Bizcocho Gloria pack 4u,Panadería,unit,21.9,baja
SKU-0943,Muffin D’Onofrio unidad,Panadería,unit,23.3,media
SKU-0944,Bizcocho Todinno unidad,Panadería,unit,19.7,media
SKU-0945,Panetón Todinno 900g,Panadería,unit,21.6,baja
SKU-0946,Bizcocho Gloria pack 4u,Panadería,unit,20.1,baja
SKU-0947,Muffin D’Onofrio 500g,Panadería,unit,7.0,media
SKU-0948,Panetón Artesanal pack 6u,Panadería,unit,24.8,baja
SKU-0949,Muffin D’Onofrio pack 6u,Panadería,unit,3.9,media
SKU-0950,Panetón Gloria unidad,Panadería,unit,6.0,baja
SKU-0951,Panetón D’Onofrio pack 4u,Panadería,unit,21.2,media
SKU-0952,Muffin D’Onofrio 500g,Panadería,unit,14.0,baja
SKU-0953,Pan Artesanal pack 4u,Panadería,unit,19.1,media
SKU-0954,Bizcocho Bimbo pack 6u,Panadería,unit,16.1,media
SKU-0955,Panetón D’Onofrio pack 4u,Panadería,unit,9.5,media
SKU-0956,Bizcocho D’Onofrio pack 4u,Panadería,unit,18.4,baja
SKU-0957,Panetón Artesanal pack 4u,Panadería,unit,17.4,baja
SKU-0958,Panetón Artesanal pack 6u,Panadería,unit,6.4,media
SKU-0959,Muffin Gloria 500g,Panadería,unit,3.2,media
SKU-0960,Panetón Todinno pack 6u,Panadería,unit,19.1,baja
SKU-0961,Lejía Sapolio unidad,Limpieza,unit,4.7,media
SKU-0962,Papel Higiénico Sapolio unidad,Limpieza,unit,16.6,media
SKU-0963,Detergente Suave 200g,Limpieza,unit,12.6,baja
SKU-0964,Detergente Ace 200g,Limpieza,unit,13.3,media
SKU-0965,Papel Higiénico Sapolio 400g,Limpieza,unit,9.1,baja
SKU-0966,Detergente Sapolio 200g,Limpieza,unit,12.3,alta
SKU-0967,Lejía Suave 1kg,Limpieza,unit,16.2,alta
SKU-0968,Suavizante Ace unidad,Limpieza,unit,16.0,media
SKU-0969,Servilletas Elite 1kg,Limpieza,unit,19.2,media
SKU-0970,Detergente Ace unidad,Limpieza,unit,8.6,media
SKU-0971,Servilletas Elite 200g,Limpieza,unit,8.3,baja
SKU-0972,Detergente Suave 500g,Limpieza,unit,19.8,media
SKU-0973,Servilletas Bolivar 200g,Limpieza,unit,10.6,baja
SKU-0974,Servilletas Elite 400g,Limpieza,unit,18.1,media
SKU-0975,Detergente Ace unidad,Limpieza,unit,9.5,media
SKU-0976,Lejía Sapolio 400g,Limpieza,unit,14.8,alta
SKU-0977,Servilletas Suave 500g,Limpieza,unit,13.4,media
SKU-0978,Suavizante Bolivar 1kg,Limpieza,unit,16.4,alta
SKU-0979,Detergente Bolivar 1kg,Limpieza,unit,13.2,media
SKU-0980,Papel Higiénico Suave 400g,Limpieza,unit,13.7,alta
SKU-0981,Jabón H&S 200g,Cuidado personal,unit,15.4,media
SKU-0982,Shampoo Sedal 1kg,Cuidado personal,unit,14.9,media
SKU-0983,Desodorante Nivea unidad,Cuidado personal,unit,17.6,baja
SKU-0984,Desodorante Sedal 200g,Cuidado personal,unit,8.3,baja
SKU-0985,Jabón Sedal 1kg,Cuidado personal,unit,13.5,alta
SKU-0986,Desodorante Nosotras 500g,Cuidado personal,unit,3.3,media
SKU-0987,Toallas Húmedas Sedal unidad,Cuidado personal,unit,20.3,baja
SKU-0988,Shampoo Dove 400g,Cuidado personal,unit,20.0,media
SKU-0989,Toallas Húmedas Nivea 500g,Cuidado personal,unit,12.0,media
SKU-0990,Shampoo Sedal 500g,Cuidado personal,unit,9.4,media
SKU-0991,Toallas Húmedas Colgate 200g,Cuidado personal,unit,4.0,media
SKU-0992,Jabón H&S 200g,Cuidado personal,unit,16.3,baja
SKU-0993,Jabón Colgate 400g,Cuidado personal,unit,25.3,baja
SKU-0994,Desodorante Sedal 500g,Cuidado personal,unit,16.6,media
SKU-0995,Jabón Colgate 400g,Cuidado personal,unit,16.4,baja
SKU-0996,Toallas Húmedas Nivea unidad,Cuidado personal,unit,4.7,media
SKU-0997,Pasta Dental Nivea 400g,Cuidado personal,unit,21.4,media
SKU-0998,Shampoo Colgate 500g,Cuidado personal,unit,15.3,media
SKU-0999,Shampoo Sedal 1kg,Cuidado personal,unit,6.2,media
SKU-1000,Jabón Sedal 500g,Cuidado personal,unit,9.7,alta
